,CIK,CONAME,FYRMO,FDATE,FORM,SECFNAME,mda_positive_score,mda_negative_score,mda_polarity_score,mda_average_sentence_length,mda_percentage_of_complex_words,mda_fog_index,mda_complex_word_count,mda_word_count,mda_uncertainty_score,mda_constraining_score,mda_positive_word_proportion,mda_negative_word_proportion,mda_uncertainty_word_proportion,mda_constraining_word_proportion,qqdmr_positive_score,qqdmr_negative_score,qqdmr_polarity_score,qqdmr_average_sentence_length,qqdmr_percentage_of_complex_words,qqdmr_fog_index,qqdmr_complex_word_count,qqdmr_word_count,qqdmr_uncertainty_score,qqdmr_constraining_score,qqdmr_positive_word_proportion,qqdmr_negative_word_proportion,qqdmr_uncertainty_word_proportion,qqdmr_constraining_word_proportion,rf_positive_score,rf_negative_score,rf_polarity_score,rf_average_sentence_length,rf_percentage_of_complex_words,rf_fog_index,rf_complex_word_count,rf_word_count,rf_uncertainty_score,rf_constraining_score,rf_positive_word_proportion,rf_negative_word_proportion,rf_uncertainty_word_proportion,rf_constraining_word_proportion,constraining_words_whole_report
0,3662,SUNBEAM CORP/FL/,199803,1998-03-06,10-K405,edgar/data/3662/0000950170-98-000413.txt,17,61,-0.56410255687048,24,0.36663980660757456,9.74665592264303,910,2482,23,10,0.00684931506849315,0.024576954069298954,0.009266720386784852,0.0040290088638195,0,0,0.0,0,0.0,0.0,0,0,0,0,0,0,0,0,0,0,0.0,0,0.0,0.0,0,0,0,0,0,0,0,0,10
1,3662,SUNBEAM CORP/FL/,199805,1998-05-15,10-Q,edgar/data/3662/0000950170-98-001001.txt,9,46,-0.6727272604958681,30,0.4115426105717368,12.164617044228695,763,1854,58,2,0.0048543689320388345,0.02481121898597627,0.03128371089536138,0.0010787486515641855,0,0,0.0,0,0.0,0.0,0,0,0,0,0,0,0,0,0,0,0.0,0,0.0,0.0,0,0,0,0,0,0,0,0,2
2,3662,SUNBEAM CORP/FL/,199808,1998-08-13,NT 10-Q,edgar/data/3662/0000950172-98-000783.txt,0,0,0.0,0,0.0,0.0,0,0,0,0,0.0,0.0,0.0,0.0,0,0,0.0,0,0.0,0.0,0,0,0,0,0,0,0,0,0,0,0.0,0,0.0,0.0,0,0,0,0,0,0,0,0,0
3,3662,SUNBEAM CORP/FL/,199811,1998-11-12,10-K/A,edgar/data/3662/0000950170-98-002145.txt,40,119,-0.49685534278707333,23,0.39755154639175255,9.359020618556702,1851,4656,73,39,0.00859106529209622,0.025558419243986254,0.0156786941580756,0.008376288659793814,0,0,0.0,0,0.0,0.0,0,0,0,0,0,0,0,0,0,0,0.0,0,0.0,0.0,0,0,0,0,0,0,0,0,39
4,3662,SUNBEAM CORP/FL/,199811,1998-11-16,NT 10-Q,edgar/data/3662/0000950172-98-001203.txt,0,0,0.0,0,0.0,0.0,0,0,0,0,0.0,0.0,0.0,0.0,0,0,0.0,0,0.0,0.0,0,0,0,0,0,0,0,0,0,0,0.0,0,0.0,0.0,0,0,0,0,0,0,0,0,0
5,3662,SUNBEAM CORP/FL/,199811,1998-11-25,10-Q/A,edgar/data/3662/0000950170-98-002278.txt,18,63,-0.5555555486968451,23,0.39953877198039783,9.35981550879216,1386,3469,82,23,0.0051888152205246466,0.018160853271836263,0.02363793600461228,0.006630152781781493,0,0,0.0,0,0.0,0.0,0,0,0,0,0,0,0,0,0,0,0.0,0,0.0,0.0,0,0,0,0,0,0,0,0,23
6,3662,SUNBEAM CORP/FL/,199812,1998-12-22,10-Q,edgar/data/3662/0000950170-98-002401.txt,39,106,-0.4620689623305589,22,0.3937039250846782,8.957481570033872,1976,5019,106,34,0.007770472205618649,0.021119744969117355,0.021119744969117355,0.006774257820282925,0,0,0.0,0,0.0,0.0,0,0,0,0,0,0,0,0,0,0,0.0,0,0.0,0.0,0,0,0,0,0,0,0,0,34
7,3662,SUNBEAM CORP/FL/,199812,1998-12-22,10-Q,edgar/data/3662/0000950170-98-002402.txt,37,102,-0.46762589591636045,22,0.4064816776106757,8.96259267104427,1919,4721,109,32,0.007837322601143825,0.02160559203558568,0.02308832874391019,0.006778224952340606,0,0,0.0,0,0.0,0.0,0,0,0,0,0,0,0,0,0,0,0.0,0,0.0,0.0,0,0,0,0,0,0,0,0,32
8,3662,SUNBEAM CORP/FL/,199903,1999-03-31,NT 10-K,edgar/data/3662/0000950172-99-000362.txt,0,0,0.0,0,0.0,0.0,0,0,0,0,0.0,0.0,0.0,0.0,0,0,0.0,0,0.0,0.0,0,0,0,0,0,0,0,0,0,0,0.0,0,0.0,0.0,0,0,0,0,0,0,0,0,0
9,3662,SUNBEAM CORP/FL/,199905,1999-05-11,10-K,edgar/data/3662/0000950170-99-000775.txt,70,271,-0.5894428135206956,23,0.39665096807953953,9.358660387231817,3790,9555,180,74,0.007326007326007326,0.02836211407639979,0.018838304552590265,0.007744636316064888,0,0,0.0,0,0.0,0.0,0,0,0,0,0,0,0,0,0,0,0.0,0,0.0,0.0,0,0,0,0,0,0,0,0,74
10,3662,SUNBEAM CORP/FL/,199905,1999-05-17,NT 10-Q,edgar/data/3662/0000950172-99-000584.txt,0,0,0.0,0,0.0,0.0,0,0,0,0,0.0,0.0,0.0,0.0,0,0,0.0,0,0.0,0.0,0,0,0,0,0,0,0,0,0,0,0.0,0,0.0,0.0,0,0,0,0,0,0,0,0,0
11,3662,SUNBEAM CORP/FL/,199906,1999-06-11,10-Q,edgar/data/3662/0000950170-99-001005.txt,31,60,-0.31868131517932624,23,0.4121758737316798,9.364870349492673,1828,4435,119,29,0.006989853438556934,0.013528748590755355,0.026832018038331455,0.006538895152198422,0,0,0.0,0,0.0,0.0,0,0,0,0,0,0,0,0,0,0,0.0,0,0.0,0.0,0,0,0,0,0,0,0,0,29
12,3662,SUNBEAM CORP/FL/,199908,1999-08-16,NT 10-Q,edgar/data/3662/0000950172-99-001074.txt,0,0,0.0,0,0.0,0.0,0,0,0,0,0.0,0.0,0.0,0.0,0,0,0.0,0,0.0,0.0,0,0,0,0,0,0,0,0,0,0,0.0,0,0.0,0.0,0,0,0,0,0,0,0,0,0
13,3662,SUNBEAM CORP/FL/,199908,1999-08-19,10-Q,edgar/data/3662/0000950170-99-001361.txt,64,129,-0.3367875630218261,21,0.4046900713110258,8.561876028524411,2951,7292,158,51,0.00877674163466813,0.017690619857377948,0.021667580910586945,0.0069939659901261655,0,0,0.0,0,0.0,0.0,0,0,0,0,0,0,0,0,0,0,0.0,0,0.0,0.0,0,0,0,0,0,0,0,0,51
14,3662,SUNBEAM CORP/FL/,199911,1999-11-08,10-K/A,edgar/data/3662/0000889812-99-003241.txt,0,0,0.0,21,0.4161073825503356,8.566442953020134,62,149,4,0,0.0,0.0,0.026845637583892617,0.0,0,0,0.0,0,0.0,0.0,0,0,0,0,0,0,0,0,0,0,0.0,0,0.0,0.0,0,0,0,0,0,0,0,0,0
15,3662,SUNBEAM CORP/FL/,199911,1999-11-08,10-Q/A,edgar/data/3662/0000950170-99-001639.txt,66,144,-0.371428569659864,21,0.4011010113941877,8.560440404557676,3133,7811,171,59,0.008449622327486878,0.018435539623607732,0.021892203303034184,0.00755345026245039,0,0,0.0,0,0.0,0.0,0,0,0,0,0,0,0,0,0,0,0.0,0,0.0,0.0,0,0,0,0,0,0,0,0,59
16,3662,SUNBEAM CORP/FL/,199911,1999-11-08,10-Q/A,edgar/data/3662/0000950170-99-001640.txt,37,127,-0.5487804844586556,24,0.4090545512717965,9.76362182050872,2557,6251,150,48,0.005919052951527755,0.020316749320108782,0.023996160614301713,0.007678771396576548,0,0,0.0,0,0.0,0.0,0,0,0,0,0,0,0,0,0,0,0.0,0,0.0,0.0,0,0,0,0,0,0,0,0,48
17,3662,SUNBEAM CORP/FL/,199911,1999-11-15,NT 10-Q,edgar/data/3662/0000950172-99-001626.txt,0,0,0.0,0,0.0,0.0,0,0,0,0,0.0,0.0,0.0,0.0,0,0,0.0,0,0.0,0.0,0,0,0,0,0,0,0,0,0,0,0.0,0,0.0,0.0,0,0,0,0,0,0,0,0,0
18,3662,SUNBEAM CORP/FL/,199911,1999-11-19,10-Q,edgar/data/3662/0000950170-99-001856.txt,70,154,-0.37499999832589287,23,0.4010975609756098,9.360439024390244,3289,8200,173,59,0.00853658536585366,0.018780487804878048,0.021097560975609757,0.0071951219512195125,0,0,0.0,0,0.0,0.0,0,0,0,0,0,0,0,0,0,0,0.0,0,0.0,0.0,0,0,0,0,0,0,0,0,59
19,3982,ALLIS CHALMERS ENERGY INC.,200603,2006-03-22,10-K,edgar/data/3982/0000950129-06-002926.txt,0,0,0.0,0,0.0,0.0,0,0,0,0,0.0,0.0,0.0,0.0,0,0,0.0,0,0.0,0.0,0,0,0,0,0,0,0,0,0,0,0.0,0,0.0,0.0,0,0,0,0,0,0,0,0,0
20,3982,ALLIS CHALMERS ENERGY INC.,200605,2006-05-01,10-K/A,edgar/data/3982/0000950129-06-004690.txt,0,0,0.0,0,0.0,0.0,0,0,0,0,0.0,0.0,0.0,0.0,0,0,0.0,0,0.0,0.0,0,0,0,0,0,0,0,0,0,0,0.0,0,0.0,0.0,0,0,0,0,0,0,0,0,0
21,3982,ALLIS CHALMERS ENERGY INC.,200605,2006-05-10,10-Q,edgar/data/3982/0000950129-06-005244.txt,0,0,0.0,0,0.0,0.0,0,0,0,0,0.0,0.0,0.0,0.0,0,0,0.0,0,0.0,0.0,0,0,0,0,0,0,0,0,0,0,0.0,0,0.0,0.0,0,0,0,0,0,0,0,0,0
22,3982,ALLIS CHALMERS ENERGY INC.,200607,2006-07-24,10-K/A,edgar/data/3982/0000950129-06-007243.txt,0,0,0.0,0,0.0,0.0,0,0,0,0,0.0,0.0,0.0,0.0,0,0,0.0,0,0.0,0.0,0,0,0,0,0,0,0,0,0,0,0.0,0,0.0,0.0,0,0,0,0,0,0,0,0,0
23,3982,ALLIS CHALMERS ENERGY INC.,200607,2006-07-24,10-Q/A,edgar/data/3982/0000950129-06-007244.txt,0,0,0.0,0,0.0,0.0,0,0,0,0,0.0,0.0,0.0,0.0,0,0,0.0,0,0.0,0.0,0,0,0,0,0,0,0,0,0,0,0.0,0,0.0,0.0,0,0,0,0,0,0,0,0,0
24,3982,ALLIS CHALMERS ENERGY INC.,200608,2006-08-14,10-Q,edgar/data/3982/0000950129-06-007871.txt,0,0,0.0,0,0.0,0.0,0,0,0,0,0.0,0.0,0.0,0.0,0,0,0.0,0,0.0,0.0,0,0,0,0,0,0,0,0,0,0,0.0,0,0.0,0.0,0,0,0,0,0,0,0,0,0
25,3982,ALLIS CHALMERS ENERGY INC.,200611,2006-11-08,10-Q,edgar/data/3982/0000950129-06-009522.txt,0,0,0.0,0,0.0,0.0,0,0,0,0,0.0,0.0,0.0,0.0,0,0,0.0,0,0.0,0.0,0,0,0,0,0,0,0,0,28,106,-0.5820895478948541,30,0.4647887323943662,12.185915492957747,957,2059,106,40,0,0,0,0,40
26,3982,ALLIS CHALMERS ENERGY INC.,200612,2006-12-29,10-Q/A,edgar/data/3982/0000950134-06-023819.txt,0,0,0.0,0,0.0,0.0,0,0,0,0,0.0,0.0,0.0,0.0,0,0,0.0,0,0.0,0.0,0,0,0,0,0,0,0,0,0,0,0.0,0,0.0,0.0,0,0,0,0,0,0,0,0,0
27,3982,ALLIS CHALMERS ENERGY INC.,200703,2007-03-15,10-K,edgar/data/3982/0000950129-07-001381.txt,0,0,0.0,0,0.0,0.0,0,0,0,0,0.0,0.0,0.0,0.0,0,0,0.0,0,0.0,0.0,0,0,0,0,0,0,0,0,66,80,-0.09589041030212048,17,0.3518362769834595,6.9407345107933835,2510,7134,83,50,0,0,0,0,50
28,3982,ALLIS CHALMERS ENERGY INC.,200705,2007-05-10,10-Q,edgar/data/3982/0000950129-07-002432.txt,0,0,0.0,0,0.0,0.0,0,0,0,0,0.0,0.0,0.0,0.0,0,0,0.0,0,0.0,0.0,0,0,0,0,0,0,0,0,0,0,0.0,0,0.0,0.0,0,0,0,0,0,0,0,0,0
29,3982,ALLIS CHALMERS ENERGY INC.,200708,2007-08-09,10-Q,edgar/data/3982/0000950129-07-003918.txt,0,0,0.0,0,0.0,0.0,0,0,0,0,0.0,0.0,0.0,0.0,0,0,0.0,0,0.0,0.0,0,0,0,0,0,0,0,0,0,0,0.0,0,0.0,0.0,0,0,0,0,0,0,0,0,0
30,3982,ALLIS CHALMERS ENERGY INC.,200711,2007-11-06,10-Q,edgar/data/3982/0000950129-07-005361.txt,0,0,0.0,0,0.0,0.0,0,0,0,0,0.0,0.0,0.0,0.0,0,0,0.0,0,0.0,0.0,0,0,0,0,0,0,0,0,0,0,0.0,0,0.0,0.0,0,0,0,0,0,0,0,0,0
31,3982,ALLIS CHALMERS ENERGY INC.,200803,2008-03-07,10-K,edgar/data/3982/0000950129-08-001569.txt,0,0,0.0,0,0.0,0.0,0,0,0,0,0.0,0.0,0.0,0.0,0,0,0.0,0,0.0,0.0,0,0,0,0,0,0,0,0,64,85,-0.1409395963695329,17,0.3521073281863055,6.940842931274523,2782,7901,96,63,0,0,0,0,63
32,3982,ALLIS CHALMERS ENERGY INC.,200804,2008-04-29,10-K/A,edgar/data/3982/0000950129-08-002507.txt,0,0,0.0,0,0.0,0.0,0,0,0,0,0.0,0.0,0.0,0.0,0,0,0.0,0,0.0,0.0,0,0,0,0,0,0,0,0,0,0,0.0,0,0.0,0.0,0,0,0,0,0,0,0,0,0
33,4447,AMERADA HESS CORP,200311,2003-11-12,10-Q,edgar/data/4447/0000950123-03-012528.txt,0,0,0.0,0,0.0,0.0,0,0,0,0,0.0,0.0,0.0,0.0,0,0,0.0,4,0.375,1.75,3,8,0,0,0,0,0,0,0,0,0.0,0,0.0,0.0,0,0,0,0,0,0,0,0,0
34,4447,AMERADA HESS CORP,200403,2004-03-12,10-K,edgar/data/4447/0000950123-04-003250.txt,0,0,0.0,0,0.0,0.0,0,0,0,0,0.0,0.0,0.0,0.0,0,0,0.0,4,0.375,1.75,3,8,0,0,0,0,0,0,0,0,0.0,0,0.0,0.0,0,0,0,0,0,0,0,0,0
35,4447,AMERADA HESS CORP,200403,2004-03-15,10-K/A,edgar/data/4447/0000950123-04-003322.txt,0,0,0.0,0,0.0,0.0,0,0,0,0,0.0,0.0,0.0,0.0,0,0,0.0,0,0.0,0.0,0,0,0,0,0,0,0,0,0,0,0.0,0,0.0,0.0,0,0,0,0,0,0,0,0,0
36,4447,AMERADA HESS CORP,200405,2004-05-07,10-Q,edgar/data/4447/0000950123-04-005950.txt,0,0,0.0,0,0.0,0.0,0,0,0,0,0.0,0.0,0.0,0.0,0,0,0.0,12,0.4,4.960000000000001,10,25,2,1,0,0,0,0,0,0,0.0,0,0.0,0.0,0,0,0,0,0,0,0,0,1
37,4447,AMERADA HESS CORP,200408,2004-08-06,10-Q,edgar/data/4447/0000950123-04-009350.txt,0,0,0.0,0,0.0,0.0,0,0,0,0,0.0,0.0,0.0,0.0,0,0,0.0,12,0.4,4.960000000000001,10,25,2,1,0,0,0,0,0,0,0.0,0,0.0,0.0,0,0,0,0,0,0,0,0,1
38,4447,AMERADA HESS CORP,200411,2004-11-05,10-Q,edgar/data/4447/0000950123-04-013054.txt,0,0,0.0,0,0.0,0.0,0,0,0,0,0.0,0.0,0.0,0.0,0,0,0.0,12,0.4,4.960000000000001,10,25,2,1,0,0,0,0,0,0,0.0,0,0.0,0.0,0,0,0,0,0,0,0,0,1
39,4447,AMERADA HESS CORP,200503,2005-03-14,10-K,edgar/data/4447/0000950123-05-003078.txt,0,0,0.0,0,0.0,0.0,0,0,0,0,0.0,0.0,0.0,0.0,0,0,0.0,0,0.0,0.0,0,0,0,0,0,0,0,0,0,0,0.0,0,0.0,0.0,0,0,0,0,0,0,0,0,0
40,4447,AMERADA HESS CORP,200505,2005-05-06,10-Q,edgar/data/4447/0000950123-05-005767.txt,0,0,0.0,0,0.0,0.0,0,0,0,0,0.0,0.0,0.0,0.0,0,0,0.0,12,0.4,4.960000000000001,10,25,2,1,0,0,0,0,0,0,0.0,0,0.0,0.0,0,0,0,0,0,0,0,0,1
41,4447,AMERADA HESS CORP,200508,2005-08-05,10-Q,edgar/data/4447/0000950123-05-009475.txt,0,0,0.0,0,0.0,0.0,0,0,0,0,0.0,0.0,0.0,0.0,0,0,0.0,12,0.4,4.960000000000001,10,25,2,1,0,0,0,0,0,0,0.0,0,0.0,0.0,0,0,0,0,0,0,0,0,1
42,4447,AMERADA HESS CORP,200511,2005-11-07,10-Q,edgar/data/4447/0000950123-05-013153.txt,0,0,0.0,0,0.0,0.0,0,0,0,0,0.0,0.0,0.0,0.0,0,0,0.0,12,0.48,4.992000000000001,12,25,1,1,0,0,0,0,0,0,0.0,0,0.0,0.0,0,0,0,0,0,0,0,0,1
43,4457,AMERCO /NV/,199911,1999-11-08,10-Q,edgar/data/4457/0000004457-99-000043.txt,12,60,-0.6666666574074076,17,0.37047551454932576,6.948190205819731,1566,4227,33,16,0.0028388928317956,0.014194464158977998,0.007806955287437899,0.003785190442394133,0,0,0.0,9,0.2222222222222222,3.6888888888888887,8,36,2,0,0,0,0,0,0,0,0.0,0,0.0,0.0,0,0,0,0,0,0,0,0,16
44,4457,AMERCO /NV/,200002,2000-02-10,10-Q,edgar/data/4457/0000004457-00-000018.txt,10,46,-0.6428571313775513,18,0.3819108280254777,7.352764331210192,1499,3925,29,14,0.0025477707006369425,0.011719745222929937,0.007388535031847133,0.0035668789808917197,0,0,0.0,8,0.23529411764705882,3.2941176470588234,8,34,1,0,0,0,0,0,0,0,0.0,0,0.0,0.0,0,0,0,0,0,0,0,0,14
45,4457,AMERCO /NV/,200006,2000-06-29,10-K,edgar/data/4457/0000004457-00-000067.txt,0,1,-0.9999990000010001,14,0.37341772151898733,5.749367088607595,59,158,1,0,0.0,0.006329113924050633,0.006329113924050633,0.0,1,2,-0.33333322222225925,14,0.45222929936305734,5.780891719745224,71,157,11,1,0,0,0,0,0,0,0.0,0,0.0,0.0,0,0,0,0,0,0,0,0,1
46,4457,AMERCO /NV/,200008,2000-08-11,10-Q,edgar/data/4457/0000004457-00-000080.txt,9,35,-0.5909090774793392,19,0.35912698412698413,7.743650793650794,724,2016,19,11,0.004464285714285714,0.017361111111111112,0.009424603174603174,0.005456349206349206,0,0,0.0,9,0.25,3.7,9,36,2,0,0,0,0,0,0,0,0.0,0,0.0,0.0,0,0,0,0,0,0,0,0,11
47,4457,AMERCO /NV/,200011,2000-11-13,10-Q,edgar/data/4457/0000004457-00-000105.txt,7,22,-0.5172413614744358,17,0.3965287049399199,6.958611481975969,891,2247,18,7,0.003115264797507788,0.009790832220738763,0.00801068090787717,0.003115264797507788,0,0,0.0,9,0.25,3.7,9,36,2,0,0,0,0,0,0,0,0.0,0,0.0,0.0,0,0,0,0,0,0,0,0,7
48,4457,AMERCO /NV/,200102,2001-02-14,10-Q,edgar/data/4457/0000004457-01-500024.txt,7,31,-0.6315789307479229,16,0.4110350727117194,6.564414029084688,961,2338,19,7,0.0029940119760479044,0.013259195893926433,0.008126603934987169,0.0029940119760479044,0,0,0.0,9,0.25,3.7,9,36,2,0,0,0,0,0,0,0,0.0,0,0.0,0.0,0,0,0,0,0,0,0,0,7
49,4457,AMERCO /NV/,200107,2001-07-02,10-K,edgar/data/4457/0000004457-01-500063.txt,17,57,-0.5405405332359388,20,0.36580833554552694,8.146323334218211,1378,3767,25,13,0.004512874966817096,0.01513140430050438,0.006636580833554553,0.0034510220334483675,1,1,0.0,12,0.47435897435897434,4.98974358974359,74,156,13,1,0,0,0,0,0,0,0.0,0,0.0,0.0,0,0,0,0,0,0,0,0,14
50,4457,AMERCO /NV/,200107,2001-07-02,NT 10-K,edgar/data/4457/0000004457-01-500060.txt,0,0,0.0,0,0.0,0.0,0,0,0,0,0.0,0.0,0.0,0.0,0,0,0.0,0,0.0,0.0,0,0,0,0,0,0,0,0,0,0,0.0,0,0.0,0.0,0,0,0,0,0,0,0,0,0
51,4457,AMERCO /NV/,200108,2001-08-10,10-Q,edgar/data/4457/0000004457-01-500081.txt,6,19,-0.5199999792000009,17,0.4050857480780603,6.962034299231225,685,1691,20,10,0.0035481963335304554,0.011235955056179775,0.011827321111768185,0.0059136605558840925,0,0,0.0,9,0.25,3.7,9,36,2,0,0,0,0,0,0,0,0.0,0,0.0,0.0,0,0,0,0,0,0,0,0,10
52,4457,AMERCO /NV/,200108,2001-08-10,10-Q/A,edgar/data/4457/0000004457-01-500083.txt,8,39,-0.6595744540516074,17,0.3946360153256705,6.957854406130268,1030,2610,21,7,0.0030651340996168583,0.014942528735632184,0.008045977011494253,0.0026819923371647508,0,0,0.0,9,0.25,3.7,9,36,2,0,0,0,0,0,0,0,0.0,0,0.0,0.0,0,0,0,0,0,0,0,0,7
53,4515,AMERICAN AIRLINES INC,200810,2008-10-16,10-Q,edgar/data/4515/0000004515-08-000073.txt,0,0,0.0,0,0.0,0.0,0,0,0,0,0.0,0.0,0.0,0.0,0,0,0.0,0,0.0,0.0,0,0,0,0,0,0,0,0,0,0,0.0,4,0.25,1.7000000000000002,1,4,1,0,0,0,0,0,0
54,4515,AMERICAN AIRLINES INC,200902,2009-02-19,10-K,edgar/data/4515/0000004515-09-000008.txt,0,0,0.0,0,0.0,0.0,0,0,0,0,0.0,0.0,0.0,0.0,0,0,0.0,0,0.0,0.0,0,0,0,0,0,0,0,0,0,0,0.0,0,0.0,0.0,0,0,0,0,0,0,0,0,0
55,4515,AMERICAN AIRLINES INC,200904,2009-04-16,10-Q,edgar/data/4515/0000004515-09-000018.txt,34,71,-0.3523809490249433,31,0.3974198918019143,12.558967956720766,955,2403,46,25,0.014148980441115273,0.029546400332917187,0.01914273824386184,0.010403662089055347,0,0,0.0,0,0.0,0.0,0,0,0,0,0,0,0,0,0,0,0.0,0,0.0,0.0,0,0,0,0,0,0,0,0,25
56,4515,AMERICAN AIRLINES INC,200907,2009-07-15,10-Q,edgar/data/4515/0000004515-09-000029.txt,55,136,-0.424083767413174,32,0.37737407101568954,12.950949628406276,2285,6055,92,89,0.009083402146985962,0.022460776218001653,0.015194054500412882,0.014698596201486376,0,0,0.0,0,0.0,0.0,0,0,0,0,0,0,0,0,0,0,0.0,0,0.0,0.0,0,0,0,0,0,0,0,0,89
57,4515,AMERICAN AIRLINES INC,200910,2009-10-21,10-Q,edgar/data/4515/0000004515-09-000039.txt,35,78,-0.3805309700837967,32,0.38595564941921856,12.954382259767687,1462,3788,93,49,0.009239704329461458,0.020591341077085535,0.024551214361140442,0.01293558606124604,5,8,-0.23076921301775286,18,0.30021141649048627,7.320084566596195,142,473,25,4,0,0,0,0,48,199,-0.6113360299136193,18,0.4555104589447393,7.382204183577897,1459,3203,120,65,0,0,0,0,118
58,4515,AMERICAN AIRLINES INC,200911,2009-11-06,10-Q/A,edgar/data/4515/0000004515-09-000041.txt,0,0,0.0,0,0.0,0.0,0,0,0,0,0.0,0.0,0.0,0.0,0,0,0.0,0,0.0,0.0,0,0,0,0,0,0,0,0,0,0,0.0,0,0.0,0.0,0,0,0,0,0,0,0,0,0
59,4515,AMERICAN AIRLINES INC,201002,2010-02-17,10-K,edgar/data/4515/0000004515-10-000006.txt,66,95,-0.1801242224837005,26,0.4006468566808167,10.560258742672326,1982,4947,105,71,0.013341419041843541,0.019203557711744493,0.021224984839296544,0.014352132605619567,0,0,0.0,0,0.0,0.0,0,0,0,0,0,0,0,0,55,231,-0.6153846132329209,18,0.4547047047047047,7.381881881881881,1817,3996,164,88,0,0,0,0,159
60,4515,AMERICAN AIRLINES INC,201004,2010-04-21,10-Q,edgar/data/4515/0000004515-10-000016.txt,52,77,-0.19379844811008956,29,0.3999464954521134,11.759978598180846,1495,3738,81,53,0.013911182450508293,0.020599250936329586,0.021669341894060994,0.014178705189941144,4,8,-0.3333333055555579,19,0.3108433734939759,7.724337349397591,129,415,21,2,0,0,0,0,0,0,0.0,0,0.0,0.0,0,0,0,0,0,0,0,0,55
61,4515,AMERICAN AIRLINES INC,201007,2010-07-21,10-Q,edgar/data/4515/0000950123-10-066865.txt,0,0,0.0,0,0.0,0.0,0,0,0,0,0.0,0.0,0.0,0.0,4,6,-0.19999998000000202,21,0.3316582914572864,8.532663316582916,132,398,19,2,0,0,0,0,0,0,0.0,0,0.0,0.0,0,0,0,0,0,0,0,0,2
62,4515,AMERICAN AIRLINES INC,201010,2010-10-20,10-Q,edgar/data/4515/0000950123-10-094615.txt,0,0,0.0,0,0.0,0.0,0,0,0,0,0.0,0.0,0.0,0.0,4,6,-0.19999998000000202,21,0.3393782383419689,8.535751295336787,131,386,18,1,0,0,0,0,0,0,0.0,0,0.0,0.0,0,0,0,0,0,0,0,0,1
63,4962,AMERICAN EXPRESS CO,201404,2014-04-29,10-Q,edgar/data/4962/0001193125-14-167067.txt,0,0,0.0,0,0.0,0.0,0,0,0,0,0.0,0.0,0.0,0.0,18,41,-0.38983050186727963,75,0.48129675810473815,30.192518703241895,579,1203,45,16,0,0,0,0,0,1,-0.9999990000010001,12,0.15714285714285714,4.862857142857143,11,70,10,0,0,0,0,0,16
64,4962,AMERICAN EXPRESS CO,201407,2014-07-30,10-Q,edgar/data/4962/0001193125-14-286961.txt,0,0,0.0,0,0.0,0.0,0,0,0,0,0.0,0.0,0.0,0.0,17,111,-0.7343749942626954,31,0.441921858500528,12.576768743400212,837,1894,63,18,0,0,0,0,13,37,-0.47999999040000024,21,0.3960546282245827,8.558421851289834,261,659,36,3,0,0,0,0,21
65,5588,AMERICAN PAD & PAPER CO,199611,1996-11-06,10-Q,edgar/data/5588/0000930661-96-001510.txt,11,6,0.2941176297577865,22,0.3554933519944017,8.94219734079776,508,1429,17,8,0.007697690692792162,0.004198740377886634,0.011896431070678797,0.005598320503848845,0,0,0.0,0,0.0,0.0,0,0,0,0,0,0,0,0,0,0,0.0,0,0.0,0.0,0,0,0,0,0,0,0,0,8
66,5588,AMERICAN PAD & PAPER CO,199703,1997-03-31,10-K,edgar/data/5588/0000950134-97-002428.txt,0,0,0.0,0,0.0,0.0,0,0,0,0,0.0,0.0,0.0,0.0,0,0,0.0,0,0.0,0.0,0,0,0,0,0,0,0,0,0,0,0.0,0,0.0,0.0,0,0,0,0,0,0,0,0,0
67,5588,AMERICAN PAD & PAPER CO,199705,1997-05-15,10-Q,edgar/data/5588/0000950134-97-003934.txt,0,0,0.0,0,0.0,0.0,0,0,0,0,0.0,0.0,0.0,0.0,0,0,0.0,0,0.0,0.0,0,0,0,0,0,0,0,0,0,0,0.0,0,0.0,0.0,0,0,0,0,0,0,0,0,0
68,5588,AMERICAN PAD & PAPER CO,199708,1997-08-14,10-Q,edgar/data/5588/0000950134-97-006223.txt,0,0,0.0,0,0.0,0.0,0,0,0,0,0.0,0.0,0.0,0.0,0,0,0.0,0,0.0,0.0,0,0,0,0,0,0,0,0,0,0,0.0,0,0.0,0.0,0,0,0,0,0,0,0,0,0
69,5588,AMERICAN PAD & PAPER CO,199711,1997-11-14,10-Q,edgar/data/5588/0000950134-97-008577.txt,0,0,0.0,0,0.0,0.0,0,0,0,0,0.0,0.0,0.0,0.0,0,0,0.0,0,0.0,0.0,0,0,0,0,0,0,0,0,0,0,0.0,0,0.0,0.0,0,0,0,0,0,0,0,0,0
70,5588,AMERICAN PAD & PAPER CO,199803,1998-03-27,10-K,edgar/data/5588/0000950134-98-002477.txt,15,40,-0.4545454462809919,19,0.37863786378637865,7.7514551455145515,1262,3333,36,15,0.004500450045004501,0.012001200120012,0.010801080108010801,0.004500450045004501,0,0,0.0,0,0.0,0.0,0,0,0,0,0,0,0,0,0,0,0.0,0,0.0,0.0,0,0,0,0,0,0,0,0,15
71,5588,AMERICAN PAD & PAPER CO,199805,1998-05-14,10-Q,edgar/data/5588/0000950134-98-004241.txt,0,0,0.0,0,0.0,0.0,0,0,0,0,0.0,0.0,0.0,0.0,0,0,0.0,0,0.0,0.0,0,0,0,0,0,0,0,0,0,0,0.0,0,0.0,0.0,0,0,0,0,0,0,0,0,0
72,5588,AMERICAN PAD & PAPER CO,199808,1998-08-14,10-Q,edgar/data/5588/0000950134-98-006988.txt,0,0,0.0,0,0.0,0.0,0,0,0,0,0.0,0.0,0.0,0.0,0,1,-0.9999990000010001,13,0.43137254901960786,5.372549019607844,22,51,1,1,0,0,0,0,0,0,0.0,0,0.0,0.0,0,0,0,0,0,0,0,0,1
73,5588,AMERICAN PAD & PAPER CO,199811,1998-11-13,10-Q,edgar/data/5588/0000005588-98-000008.txt,0,0,0.0,0,0.0,0.0,0,0,0,0,0.0,0.0,0.0,0.0,0,1,-0.9999990000010001,12,0.3877551020408163,4.955102040816327,19,49,0,1,0,0,0,0,0,0,0.0,0,0.0,0.0,0,0,0,0,0,0,0,0,1
74,5588,AMERICAN PAD & PAPER CO,199811,1998-11-16,10-Q/A,edgar/data/5588/0000005588-98-000010.txt,0,0,0.0,0,0.0,0.0,0,0,0,0,0.0,0.0,0.0,0.0,0,0,0.0,0,0.0,0.0,0,0,0,0,0,0,0,0,0,0,0.0,0,0.0,0.0,0,0,0,0,0,0,0,0,0
75,5907,AT&T CORP,199908,1999-08-13,10-Q,edgar/data/5907/0000005907-99-000027.txt,0,0,0.0,0,0.0,0.0,0,0,0,0,0.0,0.0,0.0,0.0,0,0,0.0,0,0.0,0.0,0,0,0,0,0,0,0,0,0,0,0.0,0,0.0,0.0,0,0,0,0,0,0,0,0,0
76,5907,AT&T CORP,199911,1999-11-15,10-Q,edgar/data/5907/0000005907-99-000037.txt,0,0,0.0,0,0.0,0.0,0,0,0,0,0.0,0.0,0.0,0.0,0,0,0.0,0,0.0,0.0,0,0,0,0,0,0,0,0,0,0,0.0,0,0.0,0.0,0,0,0,0,0,0,0,0,0
77,5907,AT&T CORP,200003,2000-03-27,10-K,edgar/data/5907/0000005907-00-000014.txt,0,0,0.0,0,0.0,0.0,0,0,0,0,0.0,0.0,0.0,0.0,0,0,0.0,0,0.0,0.0,0,0,0,0,0,0,0,0,0,0,0.0,0,0.0,0.0,0,0,0,0,0,0,0,0,0
78,5907,AT&T CORP,200005,2000-05-15,10-Q,edgar/data/5907/0000005907-00-000025.txt,0,0,0.0,0,0.0,0.0,0,0,0,0,0.0,0.0,0.0,0.0,0,0,0.0,0,0.0,0.0,0,0,0,0,0,0,0,0,0,0,0.0,0,0.0,0.0,0,0,0,0,0,0,0,0,0
79,5907,AT&T CORP,200008,2000-08-14,10-Q,edgar/data/5907/0000005907-00-000031.txt,0,0,0.0,0,0.0,0.0,0,0,0,0,0.0,0.0,0.0,0.0,0,0,0.0,0,0.0,0.0,0,0,0,0,0,0,0,0,0,0,0.0,0,0.0,0.0,0,0,0,0,0,0,0,0,0
80,5907,AT&T CORP,200011,2000-11-14,10-Q,edgar/data/5907/0000005907-00-000038.txt,0,0,0.0,0,0.0,0.0,0,0,0,0,0.0,0.0,0.0,0.0,0,0,0.0,0,0.0,0.0,0,0,0,0,0,0,0,0,0,0,0.0,0,0.0,0.0,0,0,0,0,0,0,0,0,0
81,5907,AT&T CORP,200101,2001-01-26,10-K/A,edgar/data/5907/0000005907-01-000002.txt,0,0,0.0,0,0.0,0.0,0,0,0,0,0.0,0.0,0.0,0.0,0,0,0.0,0,0.0,0.0,0,0,0,0,0,0,0,0,0,0,0.0,0,0.0,0.0,0,0,0,0,0,0,0,0,0
82,5907,AT&T CORP,200104,2001-04-02,10-K405,edgar/data/5907/0000005907-01-000012.txt,112,205,-0.29337539339629215,21,0.38195590948820046,8.55278236379528,3933,10297,191,43,0.010876954452753228,0.01990871127512868,0.018549091968534524,0.0041759735845391865,0,0,0.0,0,0.0,0.0,0,0,0,0,0,0,0,0,0,0,0.0,0,0.0,0.0,0,0,0,0,0,0,0,0,43
83,5907,AT&T CORP,200104,2001-04-17,10-K405/A,edgar/data/5907/0000005907-01-000015.txt,162,293,-0.2879120872793141,21,0.37842228774294484,8.551368915097179,6289,16619,266,88,0.009747878933750526,0.01763042300980805,0.01600577652084963,0.00529514411216078,0,0,0.0,0,0.0,0.0,0,0,0,0,0,0,0,0,0,0,0.0,0,0.0,0.0,0,0,0,0,0,0,0,0,88
84,5907,AT&T CORP,200105,2001-05-15,10-Q,edgar/data/5907/0000950123-01-502538.txt,0,0,0.0,0,0.0,0.0,0,0,0,0,0.0,0.0,0.0,0.0,0,0,0.0,0,0.0,0.0,0,0,0,0,0,0,0,0,0,0,0.0,0,0.0,0.0,0,0,0,0,0,0,0,0,0
85,5907,AT&T CORP,200107,2001-07-03,10-Q/A,edgar/data/5907/0000950123-01-504075.txt,0,0,0.0,0,0.0,0.0,0,0,0,0,0.0,0.0,0.0,0.0,0,0,0.0,0,0.0,0.0,0,0,0,0,0,0,0,0,0,0,0.0,0,0.0,0.0,0,0,0,0,0,0,0,0,0
86,5907,AT&T CORP,200108,2001-08-10,10-Q/A,edgar/data/5907/0000950123-01-505366.txt,0,0,0.0,0,0.0,0.0,0,0,0,0,0.0,0.0,0.0,0.0,0,0,0.0,0,0.0,0.0,0,0,0,0,0,0,0,0,0,0,0.0,0,0.0,0.0,0,0,0,0,0,0,0,0,0
87,5907,AT&T CORP,200108,2001-08-14,10-Q,edgar/data/5907/0000950123-01-505598.txt,0,0,0.0,0,0.0,0.0,0,0,0,0,0.0,0.0,0.0,0.0,0,0,0.0,0,0.0,0.0,0,0,0,0,0,0,0,0,0,0,0.0,0,0.0,0.0,0,0,0,0,0,0,0,0,0
88,6071,AMES DEPARTMENT STORES INC,199809,1998-09-02,10-Q,edgar/data/6071/0000006071-98-000023.txt,0,0,0.0,0,0.0,0.0,0,0,0,0,0.0,0.0,0.0,0.0,0,0,0.0,0,0.0,0.0,0,0,0,0,0,0,0,0,0,0,0.0,0,0.0,0.0,0,0,0,0,0,0,0,0,0
89,6071,AMES DEPARTMENT STORES INC,199812,1998-12-10,10-Q,edgar/data/6071/0000006071-98-000026.txt,0,0,0.0,0,0.0,0.0,0,0,0,0,0.0,0.0,0.0,0.0,0,0,0.0,0,0.0,0.0,0,0,0,0,0,0,0,0,0,0,0.0,0,0.0,0.0,0,0,0,0,0,0,0,0,0
90,6071,AMES DEPARTMENT STORES INC,199904,1999-04-05,10-K,edgar/data/6071/0000889812-99-001116.txt,13,21,-0.23529411072664383,24,0.31004366812227074,9.72401746724891,355,1145,5,1,0.011353711790393014,0.01834061135371179,0.004366812227074236,0.0008733624454148472,0,0,0.0,0,0.0,0.0,0,0,0,0,0,0,0,0,0,0,0.0,0,0.0,0.0,0,0,0,0,0,0,0,0,1
91,6071,AMES DEPARTMENT STORES INC,199906,1999-06-15,10-Q,edgar/data/6071/0000006071-99-000013.txt,0,0,0.0,0,0.0,0.0,0,0,0,0,0.0,0.0,0.0,0.0,0,0,0.0,0,0.0,0.0,0,0,0,0,0,0,0,0,0,0,0.0,0,0.0,0.0,0,0,0,0,0,0,0,0,0
92,6071,AMES DEPARTMENT STORES INC,199909,1999-09-14,10-Q,edgar/data/6071/0000006071-99-000015.txt,0,0,0.0,0,0.0,0.0,0,0,0,0,0.0,0.0,0.0,0.0,0,0,0.0,0,0.0,0.0,0,0,0,0,0,0,0,0,0,0,0.0,0,0.0,0.0,0,0,0,0,0,0,0,0,0
93,6071,AMES DEPARTMENT STORES INC,199912,1999-12-14,10-Q,edgar/data/6071/0000006071-99-000017.txt,0,0,0.0,0,0.0,0.0,0,0,0,0,0.0,0.0,0.0,0.0,0,0,0.0,0,0.0,0.0,0,0,0,0,0,0,0,0,0,0,0.0,0,0.0,0.0,0,0,0,0,0,0,0,0,0
94,6071,AMES DEPARTMENT STORES INC,200004,2000-04-11,10-K,edgar/data/6071/0000006071-00-000002.txt,27,45,-0.24999999652777782,21,0.36027568922305764,8.544110275689224,1150,3192,32,13,0.008458646616541353,0.014097744360902255,0.010025062656641603,0.004072681704260651,0,0,0.0,0,0.0,0.0,0,0,0,0,0,0,0,0,0,0,0.0,0,0.0,0.0,0,0,0,0,0,0,0,0,13
95,6071,AMES DEPARTMENT STORES INC,200006,2000-06-13,10-Q,edgar/data/6071/0000006071-00-000011.txt,4,20,-0.66666663888889,21,0.3302919708029197,8.532116788321167,362,1096,27,7,0.0036496350364963502,0.01824817518248175,0.024635036496350366,0.006386861313868613,0,1,-0.9999990000010001,11,0.3974358974358974,4.55897435897436,31,78,8,0,0,0,0,0,0,0,0.0,0,0.0,0.0,0,0,0,0,0,0,0,0,7
96,6201,AMR CORP,199908,1999-08-16,10-Q,edgar/data/6201/0000006201-99-000023.txt,13,59,-0.6388888800154322,30,0.3629129491198457,12.14516517964794,1505,4147,53,15,0.003134796238244514,0.01422715215818664,0.01278032312515071,0.003617072582589824,0,0,0.0,6,0.46153846153846156,2.5846153846153848,6,13,0,0,0,0,0,0,0,0,0.0,0,0.0,0.0,0,0,0,0,0,0,0,0,15
97,6201,AMR CORP,199911,1999-11-05,10-Q,edgar/data/6201/0000006201-99-000028.txt,14,55,-0.5942028899390885,29,0.3729641693811075,11.749185667752442,1603,4298,59,17,0.003257328990228013,0.012796649604467194,0.013727315030246627,0.003955328059562588,0,0,0.0,9,0.25,3.7,9,36,2,0,0,0,0,0,0,0,0.0,0,0.0,0.0,0,0,0,0,0,0,0,0,17
98,6201,AMR CORP,200003,2000-03-27,10-K405,edgar/data/6201/0000950134-00-002454.txt,20,59,-0.4936708798269509,23,0.39227821986442674,9.35691128794577,1331,3393,58,25,0.0058944886531093425,0.017388741526672562,0.017094017094017096,0.0073681108163866785,0,0,0.0,0,0.0,0.0,0,0,0,0,0,0,0,0,0,0,0.0,0,0.0,0.0,0,0,0,0,0,0,0,0,25
99,6201,AMR CORP,200005,2000-05-11,10-Q,edgar/data/6201/0000006201-00-000009.txt,7,21,-0.49999998214285774,32,0.3542682926829268,12.94170731707317,581,1640,16,14,0.00426829268292683,0.012804878048780487,0.00975609756097561,0.00853658536585366,0,0,0.0,9,0.2571428571428571,3.702857142857143,9,35,2,0,0,0,0,0,0,0,0.0,0,0.0,0.0,0,0,0,0,0,0,0,0,14
100,6201,AMR CORP,200007,2000-07-28,10-Q,edgar/data/6201/0000950134-00-006067.txt,15,22,-0.18918918407596802,31,0.34368530020703936,12.537474120082816,830,2415,26,14,0.006211180124223602,0.009109730848861283,0.010766045548654244,0.005797101449275362,0,0,0.0,10,0.3157894736842105,4.126315789473685,12,38,2,0,0,0,0,0,0,0,0.0,0,0.0,0.0,0,0,0,0,0,0,0,0,14
101,6201,AMR CORP,200010,2000-10-26,10-Q,edgar/data/6201/0000006201-00-000017.txt,19,14,0.15151514692378343,33,0.3386103781882146,13.335444151275286,770,2274,20,6,0.008355321020228672,0.006156552330694811,0.008795074758135445,0.002638522427440633,0,3,-0.9999996666667778,16,0.3888888888888889,6.555555555555556,56,144,8,2,0,0,0,0,0,0,0.0,0,0.0,0.0,0,0,0,0,0,0,0,0,8
102,6201,AMR CORP,200103,2001-03-22,10-K405,edgar/data/6201/0000950134-01-002483.txt,41,48,-0.07865168450953164,22,0.3862049706785814,8.954481988271432,1383,3581,66,17,0.011449315833566042,0.013404077073443172,0.018430605975984362,0.004747277296844457,0,0,0.0,0,0.0,0.0,0,0,0,0,0,0,0,0,0,0,0.0,0,0.0,0.0,0,0,0,0,0,0,0,0,17
103,6201,AMR CORP,200104,2001-04-24,10-Q,edgar/data/6201/0000950134-01-500665.txt,9,10,-0.05263157617728546,29,0.3518776077885953,11.740751043115438,506,1438,21,8,0.006258692628650904,0.006954102920723227,0.014603616133518776,0.005563282336578581,0,0,0.0,20,0.2907801418439716,8.11631205673759,41,141,5,3,0,0,0,0,0,0,0.0,0,0.0,0.0,0,0,0,0,0,0,0,0,11
104,6201,AMR CORP,200108,2001-08-13,10-Q,edgar/data/6201/0000006201-01-500032.txt,10,27,-0.4594594470416366,31,0.3347050754458162,12.533882030178326,976,2916,40,10,0.003429355281207133,0.009259259259259259,0.013717421124828532,0.003429355281207133,0,0,0.0,20,0.3008130081300813,8.120325203252033,37,123,3,2,0,0,0,0,0,0,0.0,0,0.0,0.0,0,0,0,0,0,0,0,0,12
105,6201,AMR CORP,200110,2001-10-25,10-Q,edgar/data/6201/0000006201-01-500047.txt,12,56,-0.647058814013841,28,0.3713991769547325,11.348559670781894,1444,3888,70,21,0.0030864197530864196,0.01440329218106996,0.01800411522633745,0.005401234567901234,0,0,0.0,18,0.3225806451612903,7.329032258064517,40,124,4,3,0,0,0,0,0,0,0.0,0,0.0,0.0,0,0,0,0,0,0,0,0,24
106,6201,AMR CORP,200202,2002-02-28,10-K405,edgar/data/6201/0000950134-02-001661.txt,31,76,-0.42056074373307717,23,0.39811155028546336,9.359244620114186,1813,4554,107,44,0.006807202459376372,0.01668862538427756,0.023495827843653932,0.00966183574879227,0,0,0.0,0,0.0,0.0,0,0,0,0,0,0,0,0,0,0,0.0,0,0.0,0.0,0,0,0,0,0,0,0,0,44
107,6201,AMR CORP,200204,2002-04-18,10-Q,edgar/data/6201/0000006201-02-000015.txt,6,15,-0.4285714081632663,30,0.3484584060500291,12.139383362420013,599,1719,22,4,0.0034904013961605585,0.008726003490401396,0.012798138452588714,0.002326934264107039,0,0,0.0,10,0.23333333333333334,4.093333333333333,7,30,2,0,0,0,0,0,0,0,0.0,0,0.0,0.0,0,0,0,0,0,0,0,0,4
108,6201,AMR CORP,200207,2002-07-19,10-Q,edgar/data/6201/0000006201-02-000035.txt,12,46,-0.5862068864447089,31,0.3428477690288714,12.53713910761155,1045,3048,28,12,0.003937007874015748,0.015091863517060367,0.009186351706036745,0.003937007874015748,0,0,0.0,9,0.25,3.7,7,28,2,0,0,0,0,0,0,0,0.0,0,0.0,0.0,0,0,0,0,0,0,0,0,12
109,6201,AMR CORP,200210,2002-10-18,10-Q,edgar/data/6201/0000006201-02-000052.txt,31,61,-0.3260869529773157,30,0.37443573295319554,12.149774293181279,1576,4209,46,16,0.007365169874079354,0.014492753623188406,0.01092896174863388,0.003801377999524828,0,0,0.0,8,0.24,3.2960000000000003,6,25,2,0,0,0,0,0,0,0,0.0,0,0.0,0.0,0,0,0,0,0,0,0,0,16
110,6201,AMR CORP,200210,2002-10-18,10-Q/A,edgar/data/6201/0000950134-02-012680.txt,8,16,-0.333333319444445,31,0.3496027241770715,12.53984108967083,616,1762,22,5,0.004540295119182747,0.009080590238365494,0.012485811577752554,0.0028376844494892167,0,0,0.0,9,0.32142857142857145,3.7285714285714286,9,28,2,0,0,0,0,0,0,0,0.0,0,0.0,0.0,0,0,0,0,0,0,0,0,5
111,6201,AMR CORP,200210,2002-10-18,10-Q/A,edgar/data/6201/0000950134-02-012682.txt,13,37,-0.47999999040000024,33,0.33378469871360866,13.333513879485444,986,2954,25,8,0.004400812457684496,0.012525389302640487,0.008463100880162491,0.002708192281651997,0,0,0.0,9,0.3076923076923077,3.7230769230769236,8,26,2,0,0,0,0,0,0,0,0.0,0,0.0,0.0,0,0,0,0,0,0,0,0,8
112,6201,AMR CORP,200304,2003-04-01,NT 10-K,edgar/data/6201/0000006201-03-000012.txt,0,0,0.0,0,0.0,0.0,0,0,0,0,0.0,0.0,0.0,0.0,0,0,0.0,0,0.0,0.0,0,0,0,0,0,0,0,0,0,0,0.0,0,0.0,0.0,0,0,0,0,0,0,0,0,0
113,6201,AMR CORP,200304,2003-04-15,10-K,edgar/data/6201/0001047469-03-013301.txt,63,142,-0.3853658517787032,20,0.3844368600682594,8.153774744027304,2816,7325,148,90,0.008600682593856655,0.019385665529010238,0.020204778156996585,0.012286689419795221,0,0,0.0,0,0.0,0.0,0,0,0,0,0,0,0,0,0,0,0.0,0,0.0,0.0,0,0,0,0,0,0,0,0,90
114,6201,AMR CORP,200305,2003-05-15,10-Q,edgar/data/6201/0000006201-03-000030.txt,21,45,-0.36363635812672185,26,0.3813435024933998,10.55253740099736,1300,3409,50,26,0.006160164271047228,0.013200352009386917,0.014667057788207686,0.007626870049867997,0,0,0.0,9,0.2222222222222222,3.6888888888888887,6,27,2,0,0,0,0,0,0,0,0.0,0,0.0,0.0,0,0,0,0,0,0,0,0,26
115,6201,AMR CORP,200307,2003-07-18,10-Q,edgar/data/6201/0000006201-03-000045.txt,39,81,-0.34999999708333335,27,0.39108527131782944,10.956434108527134,2018,5160,74,60,0.007558139534883721,0.015697674418604653,0.01434108527131783,0.011627906976744186,0,4,-0.9999997500000625,20,0.3488372093023256,8.13953488372093,75,215,14,3,0,0,0,0,0,0,0.0,0,0.0,0.0,0,0,0,0,0,0,0,0,63
116,6201,AMR CORP,200810,2008-10-16,10-Q,edgar/data/6201/0000006201-08-000060.txt,0,0,0.0,0,0.0,0.0,0,0,0,0,0.0,0.0,0.0,0.0,0,0,0.0,0,0.0,0.0,0,0,0,0,0,0,0,0,0,0,0.0,4,0.25,1.7000000000000002,1,4,1,0,0,0,0,0,0
117,6201,AMR CORP,200902,2009-02-19,10-K,edgar/data/6201/0000006201-09-000009.txt,0,0,0.0,0,0.0,0.0,0,0,0,0,0.0,0.0,0.0,0.0,0,0,0.0,0,0.0,0.0,0,0,0,0,0,0,0,0,0,0,0.0,0,0.0,0.0,0,0,0,0,0,0,0,0,0
118,6201,AMR CORP,200904,2009-04-16,10-Q,edgar/data/6201/0000006201-09-000016.txt,51,129,-0.43333333092592596,31,0.3804252328237568,12.552170093129504,2165,5691,108,76,0.008961518186610437,0.022667369530838165,0.018977332630469163,0.013354419258478299,0,0,0.0,0,0.0,0.0,0,0,0,0,0,0,0,0,0,0,0.0,0,0.0,0.0,0,0,0,0,0,0,0,0,76
119,6201,AMR CORP,200907,2009-07-15,10-Q,edgar/data/6201/0000006201-09-000029.txt,41,101,-0.4225352082920056,33,0.3668200408997955,13.346728016359918,1435,3912,60,42,0.010480572597137014,0.02581799591002045,0.015337423312883436,0.010736196319018405,0,0,0.0,0,0.0,0.0,0,0,0,0,0,0,0,0,0,0,0.0,0,0.0,0.0,0,0,0,0,0,0,0,0,42
120,6201,AMR CORP,200910,2009-10-21,10-Q,edgar/data/6201/0000006201-09-000038.txt,43,90,-0.3533834559895981,33,0.365719696969697,13.34628787878788,1931,5280,111,58,0.008143939393939394,0.017045454545454544,0.021022727272727273,0.010984848484848484,5,8,-0.23076921301775286,18,0.30021141649048627,7.320084566596195,142,473,25,4,0,0,0,0,48,200,-0.6129032233350676,17,0.45519825163908834,6.982079300655636,1458,3203,121,65,0,0,0,0,127
121,6201,AMR CORP,200911,2009-11-06,10-Q/A,edgar/data/6201/0000006201-09-000040.txt,0,0,0.0,0,0.0,0.0,0,0,0,0,0.0,0.0,0.0,0.0,0,0,0.0,0,0.0,0.0,0,0,0,0,0,0,0,0,0,0,0.0,0,0.0,0.0,0,0,0,0,0,0,0,0,0
122,6201,AMR CORP,201002,2010-02-17,10-K,edgar/data/6201/0000006201-10-000006.txt,0,0,0.0,0,0.0,0.0,0,0,0,0,0.0,0.0,0.0,0.0,0,0,0.0,0,0.0,0.0,0,0,0,0,0,0,0,0,55,229,-0.6126760541807181,18,0.4548411308481361,7.381936452339255,1818,3997,164,88,0,0,0,0,88
123,6201,AMR CORP,201004,2010-04-21,10-Q,edgar/data/6201/0000006201-10-000013.txt,52,79,-0.20610686865567276,31,0.39112207151664613,12.55644882860666,1586,4055,86,56,0.01282367447595561,0.019482120838471024,0.021208384710234278,0.013810110974106041,4,8,-0.3333333055555579,20,0.30845771144278605,8.123383084577114,124,402,20,2,0,0,0,0,0,0,0.0,0,0.0,0.0,0,0,0,0,0,0,0,0,58
124,6201,AMR CORP,201007,2010-07-21,10-Q,edgar/data/6201/0000950123-10-066894.txt,0,0,0.0,0,0.0,0.0,0,0,0,0,0.0,0.0,0.0,0.0,4,6,-0.19999998000000202,21,0.3316582914572864,8.532663316582916,132,398,19,2,0,0,0,0,0,0,0.0,0,0.0,0.0,0,0,0,0,0,0,0,0,2
125,6201,AMR CORP,201010,2010-10-20,10-Q,edgar/data/6201/0000950123-10-094605.txt,0,0,0.0,0,0.0,0.0,0,0,0,0,0.0,0.0,0.0,0.0,5,6,-0.09090908264462885,21,0.3411458333333333,8.536458333333334,131,384,18,1,0,0,0,0,0,0,0.0,0,0.0,0.0,0,0,0,0,0,0,0,0,1
126,6260,ANACOMP INC,199402,1994-02-14,10-Q,edgar/data/6260/0000006260-94-000014.txt,0,0,0.0,5,0.4666666666666667,2.186666666666667,7,15,0,0,0.0,0.0,0.0,0.0,0,0,0.0,0,0.0,0.0,0,0,0,0,0,0,0,0,0,0,0.0,0,0.0,0.0,0,0,0,0,0,0,0,0,0
127,6260,ANACOMP INC,199405,1994-05-12,10-Q,edgar/data/6260/0000006260-94-000016.txt,0,0,0.0,5,0.4666666666666667,2.186666666666667,7,15,0,0,0.0,0.0,0.0,0.0,0,0,0.0,0,0.0,0.0,0,0,0,0,0,0,0,0,0,0,0.0,0,0.0,0.0,0,0,0,0,0,0,0,0,0
128,6260,ANACOMP INC,199712,1997-12-29,10-K,edgar/data/6260/0000006260-97-000011.txt,0,0,0.0,16,0.4838709677419355,6.593548387096774,15,31,1,0,0.0,0.0,0.03225806451612903,0.0,0,0,0.0,0,0.0,0.0,0,0,0,0,0,0,0,0,0,0,0.0,0,0.0,0.0,0,0,0,0,0,0,0,0,0
129,6260,ANACOMP INC,199802,1998-02-17,10-Q,edgar/data/6260/0000006260-98-000001.txt,5,10,-0.3333333111111126,29,0.337220602526725,11.73488824101069,347,1029,6,11,0.004859086491739553,0.009718172983479106,0.0058309037900874635,0.010689990281827016,0,0,0.0,0,0.0,0.0,0,0,0,0,0,0,0,0,0,0,0.0,0,0.0,0.0,0,0,0,0,0,0,0,0,11
130,6260,ANACOMP INC,199805,1998-05-13,10-Q,edgar/data/6260/0000006260-98-000003.txt,14,21,-0.19999999428571447,27,0.3052814857806152,10.922112594312246,526,1723,10,9,0.00812536273940801,0.012188044109112013,0.005803830528148578,0.00522344747533372,0,0,0.0,0,0.0,0.0,0,0,0,0,0,0,0,0,0,0,0.0,0,0.0,0.0,0,0,0,0,0,0,0,0,9
131,6260,ANACOMP INC,199808,1998-08-14,10-Q,edgar/data/6260/0000914121-98-000672.txt,10,30,-0.49999998750000035,28,0.3126477541371158,11.325059101654848,529,1692,16,11,0.00591016548463357,0.01773049645390071,0.009456264775413711,0.0065011820330969266,0,0,0.0,0,0.0,0.0,0,0,0,0,0,0,0,0,0,0,0.0,0,0.0,0.0,0,0,0,0,0,0,0,0,11
132,6260,ANACOMP INC,199812,1998-12-29,10-K405,edgar/data/6260/0001047469-98-045227.txt,16,47,-0.4920634842529606,20,0.36775732788002724,8.147102931152011,1079,2934,48,20,0.0054533060668029995,0.016019086571233812,0.016359918200409,0.006816632583503749,0,0,0.0,10,0.3,4.12,12,40,1,0,0,0,0,0,0,0,0.0,0,0.0,0.0,0,0,0,0,0,0,0,0,20
133,6260,ANACOMP INC,199902,1999-02-11,10-Q,edgar/data/6260/0000006260-99-000005.txt,0,0,0.0,0,0.0,0.0,0,0,0,0,0.0,0.0,0.0,0.0,0,0,0.0,8,0.40476190476190477,3.3619047619047624,17,42,1,0,0,0,0,0,0,0,0.0,0,0.0,0.0,0,0,0,0,0,0,0,0,0
134,6260,ANACOMP INC,199905,1999-05-17,10-Q,edgar/data/6260/0000006260-99-000007.txt,0,0,0.0,6,0.46153846153846156,2.5846153846153848,6,13,0,0,0.0,0.0,0.0,0.0,0,0,0.0,8,0.45,3.38,18,40,1,0,0,0,0,0,0,0,0.0,0,0.0,0.0,0,0,0,0,0,0,0,0,0
135,6260,ANACOMP INC,199908,1999-08-13,10-Q,edgar/data/6260/0000006260-99-000010.txt,0,0,0.0,6,0.46153846153846156,2.5846153846153848,6,13,0,0,0.0,0.0,0.0,0.0,0,0,0.0,7,0.45,2.9800000000000004,18,40,1,0,0,0,0,0,0,0,0.0,0,0.0,0.0,0,0,0,0,0,0,0,0,0
136,11860,BETHLEHEM STEEL CORP /DE/,199811,1998-11-12,10-Q,edgar/data/11860/0000011860-98-000022.txt,0,0,0.0,0,0.0,0.0,0,0,0,0,0.0,0.0,0.0,0.0,0,0,0.0,0,0.0,0.0,0,0,0,0,0,0,0,0,0,0,0.0,0,0.0,0.0,0,0,0,0,0,0,0,0,0
137,11860,BETHLEHEM STEEL CORP /DE/,199903,1999-03-24,10-K405,edgar/data/11860/0001021408-99-000543.txt,0,0,0.0,7,0.39285714285714285,2.9571428571428573,11,28,0,1,0.0,0.0,0.0,0.03571428571428571,0,0,0.0,0,0.0,0.0,0,0,0,0,0,0,0,0,0,0,0.0,0,0.0,0.0,0,0,0,0,0,0,0,0,1
138,11860,BETHLEHEM STEEL CORP /DE/,199905,1999-05-14,10-Q,edgar/data/11860/0000011860-99-000025.txt,0,0,0.0,0,0.0,0.0,0,0,0,0,0.0,0.0,0.0,0.0,0,0,0.0,0,0.0,0.0,0,0,0,0,0,0,0,0,0,0,0.0,0,0.0,0.0,0,0,0,0,0,0,0,0,0
139,11860,BETHLEHEM STEEL CORP /DE/,199906,1999-06-29,10-K/A,edgar/data/11860/0000011860-99-000030.txt,0,0,0.0,0,0.0,0.0,0,0,0,0,0.0,0.0,0.0,0.0,0,0,0.0,0,0.0,0.0,0,0,0,0,0,0,0,0,0,0,0.0,0,0.0,0.0,0,0,0,0,0,0,0,0,0
140,11860,BETHLEHEM STEEL CORP /DE/,199908,1999-08-05,10-Q,edgar/data/11860/0000011860-99-000035.txt,0,0,0.0,0,0.0,0.0,0,0,0,0,0.0,0.0,0.0,0.0,0,0,0.0,0,0.0,0.0,0,0,0,0,0,0,0,0,0,0,0.0,0,0.0,0.0,0,0,0,0,0,0,0,0,0
141,11860,BETHLEHEM STEEL CORP /DE/,199911,1999-11-02,10-Q,edgar/data/11860/0000011860-99-000042.txt,0,0,0.0,0,0.0,0.0,0,0,0,0,0.0,0.0,0.0,0.0,0,0,0.0,0,0.0,0.0,0,0,0,0,0,0,0,0,0,0,0.0,0,0.0,0.0,0,0,0,0,0,0,0,0,0
142,11860,BETHLEHEM STEEL CORP /DE/,200003,2000-03-09,10-K,edgar/data/11860/0000011860-00-000019.txt,0,0,0.0,9,0.39285714285714285,3.757142857142857,11,28,0,1,0.0,0.0,0.0,0.03571428571428571,0,0,0.0,0,0.0,0.0,0,0,0,0,0,0,0,0,0,0,0.0,0,0.0,0.0,0,0,0,0,0,0,0,0,1
143,11860,BETHLEHEM STEEL CORP /DE/,200005,2000-05-03,10-Q,edgar/data/11860/0000011860-00-000022.txt,0,0,0.0,0,0.0,0.0,0,0,0,0,0.0,0.0,0.0,0.0,0,0,0.0,0,0.0,0.0,0,0,0,0,0,0,0,0,0,0,0.0,0,0.0,0.0,0,0,0,0,0,0,0,0,0
144,11860,BETHLEHEM STEEL CORP /DE/,200006,2000-06-28,10-K/A,edgar/data/11860/0000011860-00-000025.txt,0,0,0.0,0,0.0,0.0,0,0,0,0,0.0,0.0,0.0,0.0,0,0,0.0,0,0.0,0.0,0,0,0,0,0,0,0,0,0,0,0.0,0,0.0,0.0,0,0,0,0,0,0,0,0,0
145,11860,BETHLEHEM STEEL CORP /DE/,200007,2000-07-26,10-Q,edgar/data/11860/0000011860-00-000028.txt,0,0,0.0,0,0.0,0.0,0,0,0,0,0.0,0.0,0.0,0.0,0,0,0.0,0,0.0,0.0,0,0,0,0,0,0,0,0,0,0,0.0,0,0.0,0.0,0,0,0,0,0,0,0,0,0
146,11860,BETHLEHEM STEEL CORP /DE/,200010,2000-10-25,10-Q,edgar/data/11860/0000011860-00-000038.txt,0,0,0.0,0,0.0,0.0,0,0,0,0,0.0,0.0,0.0,0.0,0,0,0.0,0,0.0,0.0,0,0,0,0,0,0,0,0,0,0,0.0,0,0.0,0.0,0,0,0,0,0,0,0,0,0
147,12239,SPHERIX INC,200704,2007-04-02,10-K,edgar/data/12239/0001104659-07-024804.txt,0,0,0.0,0,0.0,0.0,0,0,0,0,0.0,0.0,0.0,0.0,0,0,0.0,0,0.0,0.0,0,0,0,0,0,0,0,0,0,0,0.0,0,0.0,0.0,0,0,0,0,0,0,0,0,0
148,12239,SPHERIX INC,200705,2007-05-16,NT 10-Q,edgar/data/12239/0001104659-07-040463.txt,0,0,0.0,0,0.0,0.0,0,0,0,0,0.0,0.0,0.0,0.0,0,0,0.0,0,0.0,0.0,0,0,0,0,0,0,0,0,0,0,0.0,0,0.0,0.0,0,0,0,0,0,0,0,0,0
149,12239,SPHERIX INC,200705,2007-05-18,10-Q,edgar/data/12239/0001104659-07-041441.txt,0,0,0.0,0,0.0,0.0,0,0,0,0,0.0,0.0,0.0,0.0,0,0,0.0,0,0.0,0.0,0,0,0,0,0,0,0,0,0,1,-0.9999990000010001,16,0.3125,6.525,20,64,8,0,0,0,0,0,0
150,12239,SPHERIX INC,200705,2007-05-23,10-K/A,edgar/data/12239/0001104659-07-042333.txt,0,0,0.0,0,0.0,0.0,0,0,0,0,0.0,0.0,0.0,0.0,0,0,0.0,0,0.0,0.0,0,0,0,0,0,0,0,0,16,51,-0.522388051904656,15,0.4667207792207792,6.186688311688312,575,1232,49,9,0,0,0,0,9
151,12239,SPHERIX INC,200708,2007-08-14,10-Q,edgar/data/12239/0001104659-07-062470.txt,0,0,0.0,0,0.0,0.0,0,0,0,0,0.0,0.0,0.0,0.0,0,0,0.0,16,0.3333333333333333,6.533333333333333,33,99,7,0,0,0,0,0,0,1,-0.9999990000010001,20,0.3898305084745763,8.155932203389831,23,59,5,0,0,0,0,0,0
